coluna;label_coluna;valor;label_valor
QUEST;Número de identificação do questionário;;
ID_DOMICILIO;Número de identificação do domicílio;;
COD_UF;UF (listagem  com código do IBGE);11.0;RONDÔNIA
COD_UF;UF (listagem  com código do IBGE);12.0;ACRE
COD_UF;UF (listagem  com código do IBGE);13.0;AMAZONAS
COD_UF;UF (listagem  com código do IBGE);14.0;RORAIMA
COD_UF;UF (listagem  com código do IBGE);15.0;PARÁ
COD_UF;UF (listagem  com código do IBGE);16.0;AMAPÁ
COD_UF;UF (listagem  com código do IBGE);17.0;TOCANTINS
COD_UF;UF (listagem  com código do IBGE);21.0;MARANHÃO
COD_UF;UF (listagem  com código do IBGE);22.0;PIAUÍ
COD_UF;UF (listagem  com código do IBGE);23.0;CEARÁ
COD_UF;UF (listagem  com código do IBGE);24.0;RIO GRANDE DO NORTE
COD_UF;UF (listagem  com código do IBGE);25.0;PARAÍBA
COD_UF;UF (listagem  com código do IBGE);26.0;PERNAMBUCO
COD_UF;UF (listagem  com código do IBGE);27.0;ALAGOAS
COD_UF;UF (listagem  com código do IBGE);28.0;SERGIPE
COD_UF;UF (listagem  com código do IBGE);29.0;BAHIA
COD_UF;UF (listagem  com código do IBGE);31.0;MINAS GERAIS
COD_UF;UF (listagem  com código do IBGE);32.0;ESPIRITO SANTO
COD_UF;UF (listagem  com código do IBGE);33.0;RIO DE JANEIRO
COD_UF;UF (listagem  com código do IBGE);35.0;SÃO PAULO
COD_UF;UF (listagem  com código do IBGE);41.0;PARANÁ
COD_UF;UF (listagem  com código do IBGE);42.0;SANTA CATARINA
COD_UF;UF (listagem  com código do IBGE);43.0;RIO GRANDE DO SUL
COD_UF;UF (listagem  com código do IBGE);50.0;MATO GROSSO DO SUL
COD_UF;UF (listagem  com código do IBGE);51.0;MATO GROSSO
COD_UF;UF (listagem  com código do IBGE);52.0;GOIÁS
COD_UF;UF (listagem  com código do IBGE);53.0;DISTRITO FEDERAL
AREA;Área;1.0;URBANA
AREA;Área;2.0;RURAL
RENDA_FAMILIAR;Renda familiar;1.0;Até 1 SM
RENDA_FAMILIAR;Renda familiar;2.0;Mais de 1 SM até 2 SM
RENDA_FAMILIAR;Renda familiar;3.0;Mais de 2 SM até 3 SM
RENDA_FAMILIAR;Renda familiar;4.0;Mais de 3 SM até 5 SM
RENDA_FAMILIAR;Renda familiar;5.0;Mais de 5 SM até 10 SM
RENDA_FAMILIAR;Renda familiar;6.0;Mais de 10 SM até 20 SM
RENDA_FAMILIAR;Renda familiar;7.0;Mais de 20 SM até 30 SM
RENDA_FAMILIAR;Renda familiar;8.0;Mais de 30 SM
RENDA_FAMILIAR;Renda familiar;9.0;Não tem renda
RENDA_FAMILIAR;Renda familiar;97.0;Não sabe
RENDA_FAMILIAR;Renda familiar;98.0;Não respondeu
TV;No domicílio tem televisor em cores? Quantos?;0.0;Não tem
TV;No domicílio tem televisor em cores? Quantos?;4.0;4 ou mais
RADIO;No domicílio tem rádio? Considere todos os rádios da casa, incluindo os rádios de aparelhos de som, de walkman. Não considerar rádio de automóveis. Quantos?;0.0;Não tem
RADIO;No domicílio tem rádio? Considere todos os rádios da casa, incluindo os rádios de aparelhos de som, de walkman. Não considerar rádio de automóveis. Quantos?;4.0;4 ou mais
BANHEIRO;No domicílio tem banheiros, incluindo todos os banheiros do domicílio, inclusive o de empregada? Quantos?;0.0;Não tem
BANHEIRO;No domicílio tem banheiros, incluindo todos os banheiros do domicílio, inclusive o de empregada? Quantos?;4.0;4 ou mais
AUTOMOVEL;No domicílio tem automóveis de passeio? Não considerar caminhões e veículos usados como taxi ou vans, kombis e caminhonetes utilizadas para uso profissional. Quantos?;0.0;Não tem
AUTOMOVEL;No domicílio tem automóveis de passeio? Não considerar caminhões e veículos usados como taxi ou vans, kombis e caminhonetes utilizadas para uso profissional. Quantos?;4.0;4 ou mais
EMPREGADA;No domicílio tem empregada doméstica ou outros empregados da casa que trabalhem pelo menos 5 dias na semana. Quantos?;0.0;Não tem
EMPREGADA;No domicílio tem empregada doméstica ou outros empregados da casa que trabalhem pelo menos 5 dias na semana. Quantos?;4.0;4 ou mais
LAVA_ROUPA;"No domicílio tem máquina de lavar roupa do tipo que executa todo o processo de lavagem, desde o molho até a centrifugação. Não considerar o tipo ""tanquinho"". Quantos?";0.0;Não tem
LAVA_ROUPA;"No domicílio tem máquina de lavar roupa do tipo que executa todo o processo de lavagem, desde o molho até a centrifugação. Não considerar o tipo ""tanquinho"". Quantos?";4.0;4 ou mais
GELADEIRA;"No domicílio tem geladeira simples ou do tipo ""duplex"". Quantas?";0.0;Não tem
GELADEIRA;"No domicílio tem geladeira simples ou do tipo ""duplex"". Quantas?";4.0;4 ou mais
FREEZER;"No domicílio tem freezer independente ou aquele que faz parte da geladeira, do tipo ""duplex"". Quantos?";0.0;Não tem
FREEZER;"No domicílio tem freezer independente ou aquele que faz parte da geladeira, do tipo ""duplex"". Quantos?";4.0;4 ou mais
LAVA_LOUCA;No domicílio tem máquina lava-louças? Quantas?;0.0;Não tem
LAVA_LOUCA;No domicílio tem máquina lava-louças? Quantas?;4.0;4 ou mais
DVD;No domicílio tem DVD, incluindo outros aparelhos que reproduzem DVD, como videogames, computadores e notebooks, inclusive nos formatos mais modernos. Não considere DVD de carro? Quantos?;0.0;Não tem
DVD;No domicílio tem DVD, incluindo outros aparelhos que reproduzem DVD, como videogames, computadores e notebooks, inclusive nos formatos mais modernos. Não considere DVD de carro? Quantos?;4.0;4 ou mais
MICRO_ONDAS;No domicílio tem microondas? Quantos?;0.0;Não tem
MICRO_ONDAS;No domicílio tem microondas? Quantos?;4.0;4 ou mais
MOTOCICLETA;No domicílio tem motocicleta? Seja de uso exclusivo para passeio ou uso misto (trabalho e passeio). Não considerar somente trabalho. Quantas?;0.0;Não tem
MOTOCICLETA;No domicílio tem motocicleta? Seja de uso exclusivo para passeio ou uso misto (trabalho e passeio). Não considerar somente trabalho. Quantas?;4.0;4 ou mais
SECADORA;No domicílio tem secadora de roupas? Quantas?;0.0;Não tem
SECADORA;No domicílio tem secadora de roupas? Quantas?;4.0;4 ou mais
TELEFONE_FIXO;No domicílio tem telefone fixo (não o aparelho, mas a linha telefônica)?;0.0;Não tem
TELEFONE_FIXO;No domicílio tem telefone fixo (não o aparelho, mas a linha telefônica)?;1.0;Tem
VIDEOGAME;No domicílio tem aparelho de jogo ou vídeo game, Playstation, Nintendo Wii, Xbox?;0.0;Não tem
VIDEOGAME;No domicílio tem aparelho de jogo ou vídeo game, Playstation, Nintendo Wii, Xbox?;1.0;Tem
TV_ASSINATURA;No domicílio tem tv por assinatura (a Cabo, Satélite etc.)?;0.0;Não tem
TV_ASSINATURA;No domicílio tem tv por assinatura (a Cabo, Satélite etc.)?;1.0;Tem
ANTENA_PARABOLICA;No domicílio tem antena parabólica?;0.0;Não tem
ANTENA_PARABOLICA;No domicílio tem antena parabólica?;1.0;Tem
AGUA;Tipo de abastecimento de água;1.0;Rede geral de distribuição
AGUA;Tipo de abastecimento de água;2.0;Poço ou nascente
AGUA;Tipo de abastecimento de água;3.0;Outro meio
RUA;Tipo de pavimentação da rua;1.0;Asfaltada/Pavimentada
RUA;Tipo de pavimentação da rua;2.0;Terra/Cascalho
GRAU_INSTRUCAO;Até que ano de escola o responsável pelo domicílio cursou?;1.0;Analfabeto/ até 3ª Série Fundamental
GRAU_INSTRUCAO;Até que ano de escola o responsável pelo domicílio cursou?;2.0;4ª a 7ª Série Fundamental
GRAU_INSTRUCAO;Até que ano de escola o responsável pelo domicílio cursou?;3.0;Fundamental completo/ Médio incompleto
GRAU_INSTRUCAO;Até que ano de escola o responsável pelo domicílio cursou?;4.0;Médio completo/ Superior incompleto
GRAU_INSTRUCAO;Até que ano de escola o responsável pelo domicílio cursou?;5.0;Superior completo
PNADC_RD_A;Nos últimos três meses, alguma pessoa desse domicílio recebeu rendimentos de Benefício Assistencial de Prestação Continuada ou BPC-LOAS?;0.0;Não
PNADC_RD_A;Nos últimos três meses, alguma pessoa desse domicílio recebeu rendimentos de Benefício Assistencial de Prestação Continuada ou BPC-LOAS?;1.0;Sim
PNADC_RD_A;Nos últimos três meses, alguma pessoa desse domicílio recebeu rendimentos de Benefício Assistencial de Prestação Continuada ou BPC-LOAS?;97.0;Não sabe
PNADC_RD_A;Nos últimos três meses, alguma pessoa desse domicílio recebeu rendimentos de Benefício Assistencial de Prestação Continuada ou BPC-LOAS?;98.0;Não respondeu
PNADC_RD_B;Nos últimos três meses, alguma pessoa desse domicílio recebeu rendimentos de Programa Bolsa Família ou Auxílio Brasil?;0.0;Não
PNADC_RD_B;Nos últimos três meses, alguma pessoa desse domicílio recebeu rendimentos de Programa Bolsa Família ou Auxílio Brasil?;1.0;Sim
PNADC_RD_B;Nos últimos três meses, alguma pessoa desse domicílio recebeu rendimentos de Programa Bolsa Família ou Auxílio Brasil?;97.0;Não sabe
PNADC_RD_B;Nos últimos três meses, alguma pessoa desse domicílio recebeu rendimentos de Programa Bolsa Família ou Auxílio Brasil?;98.0;Não respondeu
A1_A;Neste domicílio tem Computador de mesa?;0.0;Não
A1_A;Neste domicílio tem Computador de mesa?;1.0;Sim
A1_A;Neste domicílio tem Computador de mesa?;97.0;Não sabe
A1_A;Neste domicílio tem Computador de mesa?;98.0;Não respondeu
A1_B;Neste domicílio tem notebook?;0.0;Não
A1_B;Neste domicílio tem notebook?;1.0;Sim
A1_B;Neste domicílio tem notebook?;97.0;Não sabe
A1_B;Neste domicílio tem notebook?;98.0;Não respondeu
A1_C;Neste domicílio tem Tablet?;0.0;Não
A1_C;Neste domicílio tem Tablet?;1.0;Sim
A1_C;Neste domicílio tem Tablet?;97.0;Não sabe
A1_C;Neste domicílio tem Tablet?;98.0;Não respondeu
A2_QTD_DESK;Quantos computadores de mesa têm neste domicílio?;1.0;Um
A2_QTD_DESK;Quantos computadores de mesa têm neste domicílio?;2.0;Dois
A2_QTD_DESK;Quantos computadores de mesa têm neste domicílio?;3.0;Três
A2_QTD_DESK;Quantos computadores de mesa têm neste domicílio?;4.0;Quatro
A2_QTD_DESK;Quantos computadores de mesa têm neste domicílio?;5.0;Cinco
A2_QTD_DESK;Quantos computadores de mesa têm neste domicílio?;6.0;Seis
A2_QTD_DESK;Quantos computadores de mesa têm neste domicílio?;7.0;Sete
A2_QTD_DESK;Quantos computadores de mesa têm neste domicílio?;8.0;Oito
A2_QTD_DESK;Quantos computadores de mesa têm neste domicílio?;999999999.0;Não se aplica
A2_QTD_NOTE;Quantos notebooks têm neste domicílio?;1.0;Um
A2_QTD_NOTE;Quantos notebooks têm neste domicílio?;2.0;Dois
A2_QTD_NOTE;Quantos notebooks têm neste domicílio?;3.0;Três
A2_QTD_NOTE;Quantos notebooks têm neste domicílio?;4.0;Quatro
A2_QTD_NOTE;Quantos notebooks têm neste domicílio?;5.0;Cinco
A2_QTD_NOTE;Quantos notebooks têm neste domicílio?;6.0;Seis
A2_QTD_NOTE;Quantos notebooks têm neste domicílio?;7.0;Sete
A2_QTD_NOTE;Quantos notebooks têm neste domicílio?;8.0;Oito
A2_QTD_NOTE;Quantos notebooks têm neste domicílio?;999999999.0;Não se aplica
A2_QTD_TAB;Quantos tablets têm neste domicílio?;1.0;Um
A2_QTD_TAB;Quantos tablets têm neste domicílio?;2.0;Dois
A2_QTD_TAB;Quantos tablets têm neste domicílio?;3.0;Três
A2_QTD_TAB;Quantos tablets têm neste domicílio?;4.0;Quatro
A2_QTD_TAB;Quantos tablets têm neste domicílio?;5.0;Cinco
A2_QTD_TAB;Quantos tablets têm neste domicílio?;6.0;Seis
A2_QTD_TAB;Quantos tablets têm neste domicílio?;7.0;Sete
A2_QTD_TAB;Quantos tablets têm neste domicílio?;8.0;Oito
A2_QTD_TAB;Quantos tablets têm neste domicílio?;999999999.0;Não se aplica
A4;Este domicílio tem acesso à Internet?;0.0;Não
A4;Este domicílio tem acesso à Internet?;1.0;Sim
A4;Este domicílio tem acesso à Internet?;97.0;Não sabe
A4;Este domicílio tem acesso à Internet?;98.0;Não respondeu
A5_A;O domicílio não tem acesso à Internet, por falta de computador no domicílio?;0.0;Não
A5_A;O domicílio não tem acesso à Internet, por falta de computador no domicílio?;1.0;Sim
A5_A;O domicílio não tem acesso à Internet, por falta de computador no domicílio?;97.0;Não sabe
A5_A;O domicílio não tem acesso à Internet, por falta de computador no domicílio?;98.0;Não respondeu
A5_A;O domicílio não tem acesso à Internet, por falta de computador no domicílio?;99.0;Não se aplica
A5_B;O domicílio não tem acesso à Internet, por falta de necessidade dos moradores?;0.0;Não
A5_B;O domicílio não tem acesso à Internet, por falta de necessidade dos moradores?;1.0;Sim
A5_B;O domicílio não tem acesso à Internet, por falta de necessidade dos moradores?;97.0;Não sabe
A5_B;O domicílio não tem acesso à Internet, por falta de necessidade dos moradores?;98.0;Não respondeu
A5_B;O domicílio não tem acesso à Internet, por falta de necessidade dos moradores?;99.0;Não se aplica
A5_C;O domicílio não tem acesso à Internet, por falta de interesse dos moradores?;0.0;Não
A5_C;O domicílio não tem acesso à Internet, por falta de interesse dos moradores?;1.0;Sim
A5_C;O domicílio não tem acesso à Internet, por falta de interesse dos moradores?;97.0;Não sabe
A5_C;O domicílio não tem acesso à Internet, por falta de interesse dos moradores?;98.0;Não respondeu
A5_C;O domicílio não tem acesso à Internet, por falta de interesse dos moradores?;99.0;Não se aplica
A5_D;O domicílio não tem acesso à Internet, porque os moradores têm acesso à Internet em outro lugar?;0.0;Não
A5_D;O domicílio não tem acesso à Internet, porque os moradores têm acesso à Internet em outro lugar?;1.0;Sim
A5_D;O domicílio não tem acesso à Internet, porque os moradores têm acesso à Internet em outro lugar?;97.0;Não sabe
A5_D;O domicílio não tem acesso à Internet, porque os moradores têm acesso à Internet em outro lugar?;98.0;Não respondeu
A5_D;O domicílio não tem acesso à Internet, porque os moradores têm acesso à Internet em outro lugar?;99.0;Não se aplica
A5_E;O domicílio não tem acesso à Internet, porque os moradores acham muito caro?;0.0;Não
A5_E;O domicílio não tem acesso à Internet, porque os moradores acham muito caro?;1.0;Sim
A5_E;O domicílio não tem acesso à Internet, porque os moradores acham muito caro?;97.0;Não sabe
A5_E;O domicílio não tem acesso à Internet, porque os moradores acham muito caro?;98.0;Não respondeu
A5_E;O domicílio não tem acesso à Internet, porque os moradores acham muito caro?;99.0;Não se aplica
A5_F;O domicílio não tem acesso à Internet, porque os moradores não sabem usar Internet?;0.0;Não
A5_F;O domicílio não tem acesso à Internet, porque os moradores não sabem usar Internet?;1.0;Sim
A5_F;O domicílio não tem acesso à Internet, porque os moradores não sabem usar Internet?;97.0;Não sabe
A5_F;O domicílio não tem acesso à Internet, porque os moradores não sabem usar Internet?;98.0;Não respondeu
A5_F;O domicílio não tem acesso à Internet, porque os moradores não sabem usar Internet?;99.0;Não se aplica
A5_G;O domicílio não tem acesso à Internet, por falta de disponibilidade de Internet na região do domicílio?;0.0;Não
A5_G;O domicílio não tem acesso à Internet, por falta de disponibilidade de Internet na região do domicílio?;1.0;Sim
A5_G;O domicílio não tem acesso à Internet, por falta de disponibilidade de Internet na região do domicílio?;97.0;Não sabe
A5_G;O domicílio não tem acesso à Internet, por falta de disponibilidade de Internet na região do domicílio?;98.0;Não respondeu
A5_G;O domicílio não tem acesso à Internet, por falta de disponibilidade de Internet na região do domicílio?;99.0;Não se aplica
A5_H;O domicílio não tem acesso à Internet, porque os moradores têm preocupações com segurança ou privacidade?;0.0;Não
A5_H;O domicílio não tem acesso à Internet, porque os moradores têm preocupações com segurança ou privacidade?;1.0;Sim
A5_H;O domicílio não tem acesso à Internet, porque os moradores têm preocupações com segurança ou privacidade?;97.0;Não sabe
A5_H;O domicílio não tem acesso à Internet, porque os moradores têm preocupações com segurança ou privacidade?;98.0;Não respondeu
A5_H;O domicílio não tem acesso à Internet, porque os moradores têm preocupações com segurança ou privacidade?;99.0;Não se aplica
A5_I;O domicílio não tem acesso à Internet, porque os moradores evitam o contato com conteúdo perigoso?;0.0;Não
A5_I;O domicílio não tem acesso à Internet, porque os moradores evitam o contato com conteúdo perigoso?;1.0;Sim
A5_I;O domicílio não tem acesso à Internet, porque os moradores evitam o contato com conteúdo perigoso?;97.0;Não sabe
A5_I;O domicílio não tem acesso à Internet, porque os moradores evitam o contato com conteúdo perigoso?;98.0;Não respondeu
A5_I;O domicílio não tem acesso à Internet, porque os moradores evitam o contato com conteúdo perigoso?;99.0;Não se aplica
A5_OUTRO;O domicílio não tem acesso à Internet, por outro motivo?;0.0;Não
A5_OUTRO;O domicílio não tem acesso à Internet, por outro motivo?;1.0;Sim
A5_OUTRO;O domicílio não tem acesso à Internet, por outro motivo?;99.0;Não se aplica
A5A;E qual desses motivos é o principal?;1.0;Por falta de computador no domicílio
A5A;E qual desses motivos é o principal?;2.0;Por falta de necessidade dos moradores
A5A;E qual desses motivos é o principal?;3.0;Por falta de interesse dos moradores
A5A;E qual desses motivos é o principal?;4.0;Porque os moradores têm acesso à Internet em outro lugar
A5A;E qual desses motivos é o principal?;5.0;Porque os moradores acham muito caro
A5A;E qual desses motivos é o principal?;6.0;Porque os moradores não sabem usar Internet
A5A;E qual desses motivos é o principal?;7.0;Por falta de disponibilidade de Internet na região do domicílio
A5A;E qual desses motivos é o principal?;8.0;Porque os moradores têm preocupações com segurança ou privacidade
A5A;E qual desses motivos é o principal?;9.0;Porque os moradores evitam o contato com conteúdo perigoso
A5A;E qual desses motivos é o principal?;10.0;Outro motivo
A5A;E qual desses motivos é o principal?;97.0;Não sabe
A5A;E qual desses motivos é o principal?;98.0;Não respondeu
A5A;E qual desses motivos é o principal?;99.0;Não se aplica
A7A;Neste domicílio tem Wi-Fi?;0.0;Não
A7A;Neste domicílio tem Wi-Fi?;1.0;Sim
A7A;Neste domicílio tem Wi-Fi?;97.0;Não sabe
A7A;Neste domicílio tem Wi-Fi?;98.0;Não respondeu
A7A;Neste domicílio tem Wi-Fi?;99.0;Não se aplica
A7D;Algum morador tem acesso à Internet no domicílio por meio de computador, tablet, telefone celular, televisão ou outro equipamento?;0.0;Não
A7D;Algum morador tem acesso à Internet no domicílio por meio de computador, tablet, telefone celular, televisão ou outro equipamento?;1.0;Sim
A7D;Algum morador tem acesso à Internet no domicílio por meio de computador, tablet, telefone celular, televisão ou outro equipamento?;97.0;Não sabe
A7D;Algum morador tem acesso à Internet no domicílio por meio de computador, tablet, telefone celular, televisão ou outro equipamento?;98.0;Não respondeu
A7D;Algum morador tem acesso à Internet no domicílio por meio de computador, tablet, telefone celular, televisão ou outro equipamento?;99.0;Não se aplica
A7;Qual o principal tipo de conexão utilizado para acessar a Internet no domicílio?;1.0;Conexão discada, que deixa a linha de telefone ocupada durante o uso
A7;Qual o principal tipo de conexão utilizado para acessar a Internet no domicílio?;2.0;Conexão DSL, via linha telefônica, que não deixa a linha ocupada durante o uso
A7;Qual o principal tipo de conexão utilizado para acessar a Internet no domicílio?;3.0;Conexão via cabo de TV ou fibra ótica
A7;Qual o principal tipo de conexão utilizado para acessar a Internet no domicílio?;4.0;Conexão via sinal de Rádio
A7;Qual o principal tipo de conexão utilizado para acessar a Internet no domicílio?;5.0;Conexão via sinal de Satélite
A7;Qual o principal tipo de conexão utilizado para acessar a Internet no domicílio?;6.0;Conexão móvel via modem ou chip 3G ou 4G
A7;Qual o principal tipo de conexão utilizado para acessar a Internet no domicílio?;97.0;Não sabe
A7;Qual o principal tipo de conexão utilizado para acessar a Internet no domicílio?;98.0;Não respondeu
A7;Qual o principal tipo de conexão utilizado para acessar a Internet no domicílio?;99.0;Não se aplica
A7C;Essa conexão via rede móvel 3G, 4G ou 5G é acessada por meio de;1.0;Um telefone celular
A7C;Essa conexão via rede móvel 3G, 4G ou 5G é acessada por meio de;2.0;Um modem USB conectado diretamente no computador ou um aparelho modem ligado na tomada
A7C;Essa conexão via rede móvel 3G, 4G ou 5G é acessada por meio de;3.0;Outro equipamento
A7C;Essa conexão via rede móvel 3G, 4G ou 5G é acessada por meio de;97.0;Não sabe
A7C;Essa conexão via rede móvel 3G, 4G ou 5G é acessada por meio de;98.0;Não respondeu
A7C;Essa conexão via rede móvel 3G, 4G ou 5G é acessada por meio de;99.0;Não se aplica
A7B;A Internet utilizada neste domicilio é utilizada também em algum domicílio vizinho?;0.0;Não
A7B;A Internet utilizada neste domicilio é utilizada também em algum domicílio vizinho?;1.0;Sim
A7B;A Internet utilizada neste domicilio é utilizada também em algum domicílio vizinho?;97.0;Não sabe
A7B;A Internet utilizada neste domicilio é utilizada também em algum domicílio vizinho?;98.0;Não respondeu
A7B;A Internet utilizada neste domicilio é utilizada também em algum domicílio vizinho?;99.0;Não se aplica
A8A;Considerando as seguintes faixas, qual é a velocidade da Internet contratada neste domicílio?;1.0;Até 4 megas por segundo
A8A;Considerando as seguintes faixas, qual é a velocidade da Internet contratada neste domicílio?;2.0;De 5 a 10 megas por segundo
A8A;Considerando as seguintes faixas, qual é a velocidade da Internet contratada neste domicílio?;3.0;De 11 a 50 megas por segundo
A8A;Considerando as seguintes faixas, qual é a velocidade da Internet contratada neste domicílio?;4.0;De 51 a 100 megas por segundo
A8A;Considerando as seguintes faixas, qual é a velocidade da Internet contratada neste domicílio?;5.0;De 101 a 300 megas por segundo
A8A;Considerando as seguintes faixas, qual é a velocidade da Internet contratada neste domicílio?;6.0;De 301 a 500 megas por segundo
A8A;Considerando as seguintes faixas, qual é a velocidade da Internet contratada neste domicílio?;7.0;501 megas por segundo ou mais
A8A;Considerando as seguintes faixas, qual é a velocidade da Internet contratada neste domicílio?;97.0;Não sabe
A8A;Considerando as seguintes faixas, qual é a velocidade da Internet contratada neste domicílio?;98.0;Não respondeu
A8A;Considerando as seguintes faixas, qual é a velocidade da Internet contratada neste domicílio?;99.0;Não se aplica
A9A;Qual o valor aproximadamente pago pela Internet contratada no domicílio?;0.0;Não paga nada
A9A;Qual o valor aproximadamente pago pela Internet contratada no domicílio?;1.0;Até R$ 10
A9A;Qual o valor aproximadamente pago pela Internet contratada no domicílio?;2.0;De R$11 a R$ 20
A9A;Qual o valor aproximadamente pago pela Internet contratada no domicílio?;3.0;De R$21 a R$ 30
A9A;Qual o valor aproximadamente pago pela Internet contratada no domicílio?;4.0;De R$31 a R$ 40
A9A;Qual o valor aproximadamente pago pela Internet contratada no domicílio?;5.0;De R$41 a R$ 50
A9A;Qual o valor aproximadamente pago pela Internet contratada no domicílio?;6.0;De R$51 a R$ 60
A9A;Qual o valor aproximadamente pago pela Internet contratada no domicílio?;7.0;De R$61 a R$ 70
A9A;Qual o valor aproximadamente pago pela Internet contratada no domicílio?;8.0;De R$71 a R$ 80
A9A;Qual o valor aproximadamente pago pela Internet contratada no domicílio?;9.0;De R$81 a R$ 90
A9A;Qual o valor aproximadamente pago pela Internet contratada no domicílio?;10.0;De R$91 a R$ 100
A9A;Qual o valor aproximadamente pago pela Internet contratada no domicílio?;11.0;De R$101 a R$ 110
A9A;Qual o valor aproximadamente pago pela Internet contratada no domicílio?;12.0;De R$111 a R$ 120
A9A;Qual o valor aproximadamente pago pela Internet contratada no domicílio?;13.0;De R$121 a R$ 130
A9A;Qual o valor aproximadamente pago pela Internet contratada no domicílio?;14.0;De R$131 a R$ 140
A9A;Qual o valor aproximadamente pago pela Internet contratada no domicílio?;15.0;De R$141 a R$ 150
A9A;Qual o valor aproximadamente pago pela Internet contratada no domicílio?;16.0;Acima de R$ 150
A9A;Qual o valor aproximadamente pago pela Internet contratada no domicílio?;17.0;Não paga nada
A9A;Qual o valor aproximadamente pago pela Internet contratada no domicílio?;97.0;Não sabe
A9A;Qual o valor aproximadamente pago pela Internet contratada no domicílio?;98.0;Não respondeu
A9A;Qual o valor aproximadamente pago pela Internet contratada no domicílio?;99.0;Não se aplica
A9B;Esse valor refere-se a um pacote ou combo que inclui outros serviços, como telefone fixo ou canais de TV por assinatura, por exemplo?;0.0;Não
A9B;Esse valor refere-se a um pacote ou combo que inclui outros serviços, como telefone fixo ou canais de TV por assinatura, por exemplo?;1.0;Sim
A9B;Esse valor refere-se a um pacote ou combo que inclui outros serviços, como telefone fixo ou canais de TV por assinatura, por exemplo?;97.0;Não sabe
A9B;Esse valor refere-se a um pacote ou combo que inclui outros serviços, como telefone fixo ou canais de TV por assinatura, por exemplo?;98.0;Não respondeu
A9B;Esse valor refere-se a um pacote ou combo que inclui outros serviços, como telefone fixo ou canais de TV por assinatura, por exemplo?;99.0;Não se aplica
A9C;E o(a) sr(a) sabe o valor apenas da Internet?;0.0;Não
A9C;E o(a) sr(a) sabe o valor apenas da Internet?;1.0;Sim
A9C;E o(a) sr(a) sabe o valor apenas da Internet?;99.0;Não se aplica
A9D;E qual o valor pago aproximadamente apenas pela Internet contratada neste domicílio?;0.0;Não paga nada
A9D;E qual o valor pago aproximadamente apenas pela Internet contratada neste domicílio?;1.0;Até R$ 10
A9D;E qual o valor pago aproximadamente apenas pela Internet contratada neste domicílio?;2.0;De R$11 a R$ 20
A9D;E qual o valor pago aproximadamente apenas pela Internet contratada neste domicílio?;3.0;De R$21 a R$ 30
A9D;E qual o valor pago aproximadamente apenas pela Internet contratada neste domicílio?;4.0;De R$31 a R$ 40
A9D;E qual o valor pago aproximadamente apenas pela Internet contratada neste domicílio?;5.0;De R$41 a R$ 50
A9D;E qual o valor pago aproximadamente apenas pela Internet contratada neste domicílio?;6.0;De R$51 a R$ 60
A9D;E qual o valor pago aproximadamente apenas pela Internet contratada neste domicílio?;7.0;De R$61 a R$ 70
A9D;E qual o valor pago aproximadamente apenas pela Internet contratada neste domicílio?;8.0;De R$71 a R$ 80
A9D;E qual o valor pago aproximadamente apenas pela Internet contratada neste domicílio?;9.0;De R$81 a R$ 90
A9D;E qual o valor pago aproximadamente apenas pela Internet contratada neste domicílio?;10.0;De R$91 a R$ 100
A9D;E qual o valor pago aproximadamente apenas pela Internet contratada neste domicílio?;11.0;De R$101 a R$ 110
A9D;E qual o valor pago aproximadamente apenas pela Internet contratada neste domicílio?;12.0;De R$111 a R$ 120
A9D;E qual o valor pago aproximadamente apenas pela Internet contratada neste domicílio?;13.0;De R$121 a R$ 130
A9D;E qual o valor pago aproximadamente apenas pela Internet contratada neste domicílio?;14.0;De R$131 a R$ 140
A9D;E qual o valor pago aproximadamente apenas pela Internet contratada neste domicílio?;15.0;De R$141 a R$ 150
A9D;E qual o valor pago aproximadamente apenas pela Internet contratada neste domicílio?;16.0;Acima de R$ 150
A9D;E qual o valor pago aproximadamente apenas pela Internet contratada neste domicílio?;17.0;Não paga nada
A9D;E qual o valor pago aproximadamente apenas pela Internet contratada neste domicílio?;97.0;Não sabe
A9D;E qual o valor pago aproximadamente apenas pela Internet contratada neste domicílio?;98.0;Não respondeu
A9D;E qual o valor pago aproximadamente apenas pela Internet contratada neste domicílio?;99.0;Não se aplica
PESO;None;;
REP1;None;;
REP2;None;;
REP3;None;;
REP4;None;;
REP5;None;;
REP6;None;;
REP7;None;;
REP8;None;;
REP9;None;;
REP10;None;;
REP11;None;;
REP12;None;;
REP13;None;;
REP14;None;;
REP15;None;;
REP16;None;;
REP17;None;;
REP18;None;;
REP19;None;;
REP20;None;;
REP21;None;;
REP22;None;;
REP23;None;;
REP24;None;;
REP25;None;;
REP26;None;;
REP27;None;;
REP28;None;;
REP29;None;;
REP30;None;;
REP31;None;;
REP32;None;;
REP33;None;;
REP34;None;;
REP35;None;;
REP36;None;;
REP37;None;;
REP38;None;;
REP39;None;;
REP40;None;;
REP41;None;;
REP42;None;;
REP43;None;;
REP44;None;;
REP45;None;;
REP46;None;;
REP47;None;;
REP48;None;;
REP49;None;;
REP50;None;;
REP51;None;;
REP52;None;;
REP53;None;;
REP54;None;;
REP55;None;;
REP56;None;;
REP57;None;;
REP58;None;;
REP59;None;;
REP60;None;;
REP61;None;;
REP62;None;;
REP63;None;;
REP64;None;;
REP65;None;;
REP66;None;;
REP67;None;;
REP68;None;;
REP69;None;;
REP70;None;;
REP71;None;;
REP72;None;;
REP73;None;;
REP74;None;;
REP75;None;;
REP76;None;;
REP77;None;;
REP78;None;;
REP79;None;;
REP80;None;;
REP81;None;;
REP82;None;;
REP83;None;;
REP84;None;;
REP85;None;;
REP86;None;;
REP87;None;;
REP88;None;;
REP89;None;;
REP90;None;;
REP91;None;;
REP92;None;;
REP93;None;;
REP94;None;;
REP95;None;;
REP96;None;;
REP97;None;;
REP98;None;;
REP99;None;;
REP100;None;;
REP101;None;;
REP102;None;;
REP103;None;;
REP104;None;;
REP105;None;;
REP106;None;;
REP107;None;;
REP108;None;;
REP109;None;;
REP110;None;;
REP111;None;;
REP112;None;;
REP113;None;;
REP114;None;;
REP115;None;;
REP116;None;;
REP117;None;;
REP118;None;;
REP119;None;;
REP120;None;;
REP121;None;;
REP122;None;;
REP123;None;;
REP124;None;;
REP125;None;;
REP126;None;;
REP127;None;;
REP128;None;;
REP129;None;;
REP130;None;;
REP131;None;;
REP132;None;;
REP133;None;;
REP134;None;;
REP135;None;;
REP136;None;;
REP137;None;;
REP138;None;;
REP139;None;;
REP140;None;;
REP141;None;;
REP142;None;;
REP143;None;;
REP144;None;;
REP145;None;;
REP146;None;;
REP147;None;;
REP148;None;;
REP149;None;;
REP150;None;;
REP151;None;;
REP152;None;;
REP153;None;;
REP154;None;;
REP155;None;;
REP156;None;;
REP157;None;;
REP158;None;;
REP159;None;;
REP160;None;;
REP161;None;;
REP162;None;;
REP163;None;;
REP164;None;;
REP165;None;;
REP166;None;;
REP167;None;;
REP168;None;;
REP169;None;;
REP170;None;;
REP171;None;;
REP172;None;;
REP173;None;;
REP174;None;;
REP175;None;;
REP176;None;;
REP177;None;;
REP178;None;;
REP179;None;;
REP180;None;;
REP181;None;;
REP182;None;;
REP183;None;;
REP184;None;;
REP185;None;;
REP186;None;;
REP187;None;;
REP188;None;;
REP189;None;;
REP190;None;;
REP191;None;;
REP192;None;;
REP193;None;;
REP194;None;;
REP195;None;;
REP196;None;;
REP197;None;;
REP198;None;;
REP199;None;;
REP200;None;;
COD_REGIAO_2;Região;1.0;Sudeste
COD_REGIAO_2;Região;2.0;Nordeste
COD_REGIAO_2;Região;3.0;Sul
COD_REGIAO_2;Região;4.0;Norte
COD_REGIAO_2;Região;5.0;Centro-Oeste
RENDA_FAMILIAR_2;Renda familiar;1.0;Até 1 SM
RENDA_FAMILIAR_2;Renda familiar;2.0;Mais de 1 SM até 2 SM
RENDA_FAMILIAR_2;Renda familiar;3.0;Mais de 2 SM até 3 SM
RENDA_FAMILIAR_2;Renda familiar;4.0;Mais de 3 SM até 5 SM
RENDA_FAMILIAR_2;Renda familiar;5.0;Mais de 5 SM até 10 SM
RENDA_FAMILIAR_2;Renda familiar;6.0;Mais de 10 SM
RENDA_FAMILIAR_2;Renda familiar;7.0;Não tem renda
RENDA_FAMILIAR_2;Renda familiar;97.0;Não sabe
RENDA_FAMILIAR_2;Renda familiar;98.0;Não respondeu
CLASSE_2015;Classe social;1.0;A
CLASSE_2015;Classe social;2.0;B
CLASSE_2015;Classe social;3.0;C
CLASSE_2015;Classe social;4.0;DE
A1_AGREG;Domicílios com computador;1.0;Sim
A1_AGREG;Domicílios com computador;0.0;Não
DIC_CEL;Domicílios que possuem equipamentos TIC;1.0;Telefone celular
A1_EXCLUSIVOS;Domicílios com computador, por tipo de computador presente de forma exclusiva ou simultânea no domicílio;1.0;Apenas computador de mesa
A1_EXCLUSIVOS;Domicílios com computador, por tipo de computador presente de forma exclusiva ou simultânea no domicílio;2.0;Apenas notebook
A1_EXCLUSIVOS;Domicílios com computador, por tipo de computador presente de forma exclusiva ou simultânea no domicílio;3.0;Apenas tablet
A1_EXCLUSIVOS;Domicílios com computador, por tipo de computador presente de forma exclusiva ou simultânea no domicílio;99.0;Mais de um tipo de computador
A2_A_FAIXA;Faixa de quantidade - Computador de mesa;0.0;Nenhum
A2_A_FAIXA;Faixa de quantidade - Computador de mesa;1.0;Um
A2_A_FAIXA;Faixa de quantidade - Computador de mesa;2.0;Dois ou mais
A2_B_FAIXA;Faixa de quantidade - Notebook;0.0;Nenhum
A2_B_FAIXA;Faixa de quantidade - Notebook;1.0;Um
A2_B_FAIXA;Faixa de quantidade - Notebook;2.0;Dois ou mais
A2_C_FAIXA;Faixa de quantidade - Tablet;0.0;Nenhum
A2_C_FAIXA;Faixa de quantidade - Tablet;1.0;Um
A2_C_FAIXA;Faixa de quantidade - Tablet;2.0;Dois ou mais
A4_COB;Domicilio com acesso a internet - ampliado;1.0;Sim
A4_COB;Domicilio com acesso a internet - ampliado;0.0;Não
A1A4;Domicílios por presença de computador e Internet;1.0;Ambos
A1A4;Domicílios por presença de computador e Internet;2.0;Apenas computador
A1A4;Domicílios por presença de computador e Internet;3.0;Apenas Internet
A1A4;Domicílios por presença de computador e Internet;4.0;Nem computador nem Internet
A7_AGREG;Domicílios com acesso à Internet, por tipo de conexão;1.0;Total - Banda larga fixa
A5_NENHUM;Domicílios sem acesso à Internet, por motivos para a falta de Internet;1.0;Nenhum desses motivos
A9_FAIXA;Domicílios com acesso à Internet, por valor pago pela principal conexão;1.0;Até R$ 30
A9_FAIXA;Domicílios com acesso à Internet, por valor pago pela principal conexão;2.0;R$ 31 a R$ 40
A9_FAIXA;Domicílios com acesso à Internet, por valor pago pela principal conexão;3.0;R$ 41 a R$ 50
A9_FAIXA;Domicílios com acesso à Internet, por valor pago pela principal conexão;4.0;R$ 51 a R$ 60
A9_FAIXA;Domicílios com acesso à Internet, por valor pago pela principal conexão;5.0;R$ 61 a R$ 70
A9_FAIXA;Domicílios com acesso à Internet, por valor pago pela principal conexão;6.0;R$ 71 a R$ 80
A9_FAIXA;Domicílios com acesso à Internet, por valor pago pela principal conexão;7.0;R$ 81 a R$ 90
A9_FAIXA;Domicílios com acesso à Internet, por valor pago pela principal conexão;8.0;R$ 91 a R$ 100
A9_FAIXA;Domicílios com acesso à Internet, por valor pago pela principal conexão;9.0;R$ 101 a R$ 150
A9_FAIXA;Domicílios com acesso à Internet, por valor pago pela principal conexão;10.0;Mais de R$ 150
A9_FAIXA;Domicílios com acesso à Internet, por valor pago pela principal conexão;97.0;Não sabe
A9_FAIXA;Domicílios com acesso à Internet, por valor pago pela principal conexão;98.0;Não respondeu
TIPO_RM_NUM;None;;
